,raceId,circuitId,lat,lng,date,time,temp,precipitation
0,1,1,-37.8497,144.968,2009-03-29,06:00:00,,
1,18,1,-37.8497,144.968,2008-03-16,04:30:00,,
2,36,1,-37.8497,144.968,2007-03-18,03:00:00,,
3,55,1,-37.8497,144.968,2006-04-02,14:00:00,,
4,71,1,-37.8497,144.968,2005-03-06,14:00:00,,
5,90,1,-37.8497,144.968,2004-03-07,,,
6,108,1,-37.8497,144.968,2003-03-09,,,
7,124,1,-37.8497,144.968,2002-03-03,,,
8,141,1,-37.8497,144.968,2001-03-04,,,
9,158,1,-37.8497,144.968,2000-03-12,,,
10,175,1,-37.8497,144.968,1999-03-07,,,
11,191,1,-37.8497,144.968,1998-03-08,,,
12,207,1,-37.8497,144.968,1997-03-09,,,
13,224,1,-37.8497,144.968,1996-03-10,,,
14,338,1,-37.8497,144.968,2010-03-28,06:00:00,,
15,841,1,-37.8497,144.968,2011-03-27,06:00:00,,
16,860,1,-37.8497,144.968,2012-03-18,06:00:00,,
17,880,1,-37.8497,144.968,2013-03-17,06:00:00,,
18,900,1,-37.8497,144.968,2014-03-16,06:00:00,17.754166666666666,1.7000000000000002
19,926,1,-37.8497,144.968,2015-03-15,05:00:00,17.8375,0.0
20,948,1,-37.8497,144.968,2016-03-20,05:00:00,16.162499999999998,0.0
21,969,1,-37.8497,144.968,2017-03-26,05:00:00,20.618750000000002,4.2
22,989,1,-37.8497,144.968,2018-03-25,05:10:00,15.027083333333335,6.9
23,1010,1,-37.8497,144.968,2019-03-17,05:10:00,20.958333333333332,0.0
24,1076,1,-37.8497,144.968,2022-04-10,05:00:00,17.4375,0.8999999999999999
25,1100,1,-37.8497,144.968,2023-04-02,05:00:00,14.837499999999999,0.2
26,2,2,2.76083,101.738,2009-04-05,09:00:00,,
27,19,2,2.76083,101.738,2008-03-23,07:00:00,,
28,37,2,2.76083,101.738,2007-04-08,07:00:00,,
29,54,2,2.76083,101.738,2006-03-19,15:00:00,,
30,72,2,2.76083,101.738,2005-03-20,15:00:00,,
31,91,2,2.76083,101.738,2004-03-21,,,
32,109,2,2.76083,101.738,2003-03-23,,,
33,125,2,2.76083,101.738,2002-03-17,,,
34,142,2,2.76083,101.738,2001-03-18,,,
35,174,2,2.76083,101.738,2000-10-22,,,
36,189,2,2.76083,101.738,1999-10-17,,,
37,339,2,2.76083,101.738,2010-04-04,08:00:00,,
38,842,2,2.76083,101.738,2011-04-10,08:00:00,,
39,861,2,2.76083,101.738,2012-03-25,08:00:00,,
40,881,2,2.76083,101.738,2013-03-24,08:00:00,,
41,901,2,2.76083,101.738,2014-03-30,08:00:00,26.875,5.7
42,927,2,2.76083,101.738,2015-03-29,07:00:00,26.712499999999995,17.4
43,963,2,2.76083,101.738,2016-10-02,07:00:00,27.970833333333335,0.5
44,983,2,2.76083,101.738,2017-10-01,07:00:00,25.964583333333334,13.0
45,4,3,26.0325,50.5106,2009-04-26,12:00:00,,
46,20,3,26.0325,50.5106,2008-04-06,11:30:00,,
47,38,3,26.0325,50.5106,2007-04-15,11:30:00,,
48,53,3,26.0325,50.5106,2006-03-12,14:30:00,,
49,73,3,26.0325,50.5106,2005-04-03,14:30:00,,
50,92,3,26.0325,50.5106,2004-04-04,,,
51,337,3,26.0325,50.5106,2010-03-14,12:00:00,,
52,863,3,26.0325,50.5106,2012-04-22,12:00:00,,
53,883,3,26.0325,50.5106,2013-04-21,12:00:00,,
54,902,3,26.0325,50.5106,2014-04-06,15:00:00,21.902083333333334,0.0
55,929,3,26.0325,50.5106,2015-04-19,15:00:00,24.64375,0.0
56,949,3,26.0325,50.5106,2016-04-03,15:00:00,20.733333333333334,0.0
57,971,3,26.0325,50.5106,2017-04-16,15:00:00,25.49791666666667,0.0
58,990,3,26.0325,50.5106,2018-04-08,15:10:00,23.977083333333336,0.30000000000000004
59,1011,3,26.0325,50.5106,2019-03-31,15:10:00,24.320833333333336,0.9
60,1045,3,26.0325,50.5106,2020-11-29,14:10:00,23.454166666666666,0.2
61,1046,3,26.0325,50.5106,2020-12-06,17:10:00,21.399999999999995,0.0
62,1074,3,26.0325,50.5106,2022-03-20,15:00:00,19.90625,0.0
63,1052,3,26.0325,50.5106,2021-03-28,15:00:00,21.493749999999995,0.0
64,1098,3,26.0325,50.5106,2023-03-05,15:00:00,21.1125,0.0
65,5,4,41.57,2.26111,2009-05-10,12:00:00,,
66,21,4,41.57,2.26111,2008-04-27,12:00:00,,
67,39,4,41.57,2.26111,2007-05-13,12:00:00,,
68,58,4,41.57,2.26111,2006-05-14,14:00:00,,
69,75,4,41.57,2.26111,2005-05-08,14:00:00,,
70,94,4,41.57,2.26111,2004-05-09,,,
71,112,4,41.57,2.26111,2003-05-04,,,
72,128,4,41.57,2.26111,2002-04-28,,,
73,145,4,41.57,2.26111,2001-04-29,,,
74,162,4,41.57,2.26111,2000-05-07,,,
75,179,4,41.57,2.26111,1999-05-30,,,
76,195,4,41.57,2.26111,1998-05-10,,,
77,212,4,41.57,2.26111,1997-05-25,,,
78,230,4,41.57,2.26111,1996-06-02,,,
79,243,4,41.57,2.26111,1995-05-14,,,
80,261,4,41.57,2.26111,1994-05-29,,,
81,277,4,41.57,2.26111,1993-05-09,,,
82,292,4,41.57,2.26111,1992-05-03,,,
83,318,4,41.57,2.26111,1991-09-29,,,
84,341,4,41.57,2.26111,2010-05-09,12:00:00,,
85,845,4,41.57,2.26111,2011-05-22,12:00:00,,
86,864,4,41.57,2.26111,2012-05-13,12:00:00,,
87,884,4,41.57,2.26111,2013-05-12,12:00:00,,
88,904,4,41.57,2.26111,2014-05-11,12:00:00,16.754166666666666,0.2
89,930,4,41.57,2.26111,2015-05-10,12:00:00,19.997916666666665,0.0
90,952,4,41.57,2.26111,2016-05-15,12:00:00,15.610416666666666,0.0
91,973,4,41.57,2.26111,2017-05-14,12:00:00,19.102083333333336,0.0
92,993,4,41.57,2.26111,2018-05-13,13:10:00,13.31875,22.3
93,1014,4,41.57,2.26111,2019-05-12,13:10:00,15.845833333333331,0.0
94,1036,4,41.57,2.26111,2020-08-16,13:10:00,24.672916666666666,0.1
95,1055,4,41.57,2.26111,2021-05-09,13:00:00,16.566666666666666,3.5999999999999996
96,1079,4,41.57,2.26111,2022-05-22,13:00:00,23.32083333333333,0.0
97,1105,4,41.57,2.26111,2023-06-04,13:00:00,,0.0
98,7,5,40.9517,29.405,2009-06-07,12:00:00,,
99,22,5,40.9517,29.405,2008-05-11,12:00:00,,
100,47,5,40.9517,29.405,2007-08-26,12:00:00,,
101,66,5,40.9517,29.405,2006-08-27,15:00:00,,
102,84,5,40.9517,29.405,2005-08-21,15:00:00,,
103,343,5,40.9517,29.405,2010-05-30,11:00:00,,
104,844,5,40.9517,29.405,2011-05-08,12:00:00,,
105,1044,5,40.9517,29.405,2020-11-15,10:10:00,11.4375,0.4
106,1067,5,40.9517,29.405,2021-10-10,12:00:00,17.25,0.30000000000000004
107,6,6,43.7347,7.42056,2009-05-24,12:00:00,,
108,23,6,43.7347,7.42056,2008-05-25,12:00:00,,
109,40,6,43.7347,7.42056,2007-05-27,12:00:00,,
110,59,6,43.7347,7.42056,2006-05-28,14:00:00,,
111,76,6,43.7347,7.42056,2005-05-22,14:00:00,,
112,95,6,43.7347,7.42056,2004-05-23,,,
113,114,6,43.7347,7.42056,2003-06-01,,,
114,130,6,43.7347,7.42056,2002-05-26,,,
115,147,6,43.7347,7.42056,2001-05-27,,,
116,164,6,43.7347,7.42056,2000-06-04,,,
117,178,6,43.7347,7.42056,1999-05-16,,,
118,196,6,43.7347,7.42056,1998-05-24,,,
119,211,6,43.7347,7.42056,1997-05-11,,,
120,229,6,43.7347,7.42056,1996-05-19,,,
121,244,6,43.7347,7.42056,1995-05-28,,,
122,260,6,43.7347,7.42056,1994-05-15,,,
123,278,6,43.7347,7.42056,1993-05-23,,,
124,294,6,43.7347,7.42056,1992-05-31,,,
125,308,6,43.7347,7.42056,1991-05-12,,,
126,324,6,43.7347,7.42056,1990-05-27,,,
127,342,6,43.7347,7.42056,2010-05-16,12:00:00,,
128,358,6,43.7347,7.42056,1989-05-07,,,
129,374,6,43.7347,7.42056,1988-05-15,,,
130,391,6,43.7347,7.42056,1987-05-31,,,
131,407,6,43.7347,7.42056,1986-05-11,,,
132,423,6,43.7347,7.42056,1985-05-19,,,
133,441,6,43.7347,7.42056,1984-06-03,,,
134,456,6,43.7347,7.42056,1983-05-15,,,
135,472,6,43.7347,7.42056,1982-05-23,,,
136,488,6,43.7347,7.42056,1981-05-31,,,
137,503,6,43.7347,7.42056,1980-05-18,,,
138,518,6,43.7347,7.42056,1979-05-27,,,
139,531,6,43.7347,7.42056,1978-05-07,,,
140,548,6,43.7347,7.42056,1977-05-22,,,
141,565,6,43.7347,7.42056,1976-05-30,,,
142,580,6,43.7347,7.42056,1975-05-11,,,
143,595,6,43.7347,7.42056,1974-05-26,,,
144,610,6,43.7347,7.42056,1973-06-03,,,
145,623,6,43.7347,7.42056,1972-05-14,,,
146,634,6,43.7347,7.42056,1971-05-23,,,
147,645,6,43.7347,7.42056,1970-05-10,,,
148,658,6,43.7347,7.42056,1969-05-18,,,
149,669,6,43.7347,7.42056,1968-05-26,,,
150,680,6,43.7347,7.42056,1967-05-07,,,
151,690,6,43.7347,7.42056,1966-05-22,,,
152,700,6,43.7347,7.42056,1965-05-30,,,
153,709,6,43.7347,7.42056,1964-05-10,,,
154,719,6,43.7347,7.42056,1963-05-26,,,
155,730,6,43.7347,7.42056,1962-06-03,,,
156,738,6,43.7347,7.42056,1961-05-14,,,
157,747,6,43.7347,7.42056,1960-05-29,,,
158,756,6,43.7347,7.42056,1959-05-10,,,
159,766,6,43.7347,7.42056,1958-05-18,,,
160,777,6,43.7347,7.42056,1957-05-19,,,
161,785,6,43.7347,7.42056,1956-05-13,,,
162,793,6,43.7347,7.42056,1955-05-22,,,
163,834,6,43.7347,7.42056,1950-05-21,,,
164,846,6,43.7347,7.42056,2011-05-29,12:00:00,,
165,865,6,43.7347,7.42056,2012-05-27,12:00:00,,
166,885,6,43.7347,7.42056,2013-05-26,12:00:00,,
167,905,6,43.7347,7.42056,2014-05-25,12:00:00,17.833333333333332,0.5
168,931,6,43.7347,7.42056,2015-05-24,12:00:00,17.520833333333332,0.9
169,953,6,43.7347,7.42056,2016-05-29,12:00:00,18.65833333333333,11.2
170,974,6,43.7347,7.42056,2017-05-28,12:00:00,22.48125,0.0
171,994,6,43.7347,7.42056,2018-05-27,13:10:00,21.806249999999995,3.8
172,1015,6,43.7347,7.42056,2019-05-26,13:10:00,17.833333333333332,11.4
173,1056,6,43.7347,7.42056,2021-05-23,13:00:00,16.760416666666668,16.299999999999997
174,1080,6,43.7347,7.42056,2022-05-29,13:00:00,19.866666666666664,6.4
175,1104,6,43.7347,7.42056,2023-05-28,13:00:00,20.639583333333334,9.8
176,24,7,45.5,-73.5228,2008-06-08,17:00:00,,
177,41,7,45.5,-73.5228,2007-06-10,17:00:00,,
178,61,7,45.5,-73.5228,2006-06-25,13:00:00,,
179,78,7,45.5,-73.5228,2005-06-12,13:00:00,,
180,97,7,45.5,-73.5228,2004-06-13,,,
181,115,7,45.5,-73.5228,2003-06-15,,,
182,131,7,45.5,-73.5228,2002-06-09,,,
183,148,7,45.5,-73.5228,2001-06-10,,,
184,165,7,45.5,-73.5228,2000-06-18,,,
185,180,7,45.5,-73.5228,1999-06-13,,,
186,197,7,45.5,-73.5228,1998-06-07,,,
187,213,7,45.5,-73.5228,1997-06-15,,,
188,231,7,45.5,-73.5228,1996-06-16,,,
189,245,7,45.5,-73.5228,1995-06-11,,,
190,262,7,45.5,-73.5228,1994-06-12,,,
191,279,7,45.5,-73.5228,1993-06-13,,,
192,295,7,45.5,-73.5228,1992-06-14,,,
193,309,7,45.5,-73.5228,1991-06-02,,,
194,325,7,45.5,-73.5228,1990-06-10,,,
195,344,7,45.5,-73.5228,2010-06-13,16:00:00,,
196,361,7,45.5,-73.5228,1989-06-18,,,
197,376,7,45.5,-73.5228,1988-06-12,,,
198,409,7,45.5,-73.5228,1986-06-15,,,
199,424,7,45.5,-73.5228,1985-06-16,,,
200,442,7,45.5,-73.5228,1984-06-17,,,
201,459,7,45.5,-73.5228,1983-06-12,,,
202,474,7,45.5,-73.5228,1982-06-13,,,
203,496,7,45.5,-73.5228,1981-09-27,,,
204,510,7,45.5,-73.5228,1980-09-28,,,
205,525,7,45.5,-73.5228,1979-09-30,,,
206,542,7,45.5,-73.5228,1978-10-08,,,
207,847,7,45.5,-73.5228,2011-06-12,17:00:00,,
208,866,7,45.5,-73.5228,2012-06-10,18:00:00,,
209,886,7,45.5,-73.5228,2013-06-09,18:00:00,,
210,906,7,45.5,-73.5228,2014-06-08,18:00:00,21.39375,0.0
211,932,7,45.5,-73.5228,2015-06-07,18:00:00,16.431250000000002,19.5
212,954,7,45.5,-73.5228,2016-06-12,18:00:00,13.731250000000001,7.5
213,975,7,45.5,-73.5228,2017-06-11,18:00:00,23.891666666666666,0.4
214,995,7,45.5,-73.5228,2018-06-10,18:10:00,15.75,0.0
215,1016,7,45.5,-73.5228,2019-06-09,18:10:00,20.256249999999998,0.0
216,1082,7,45.5,-73.5228,2022-06-19,18:00:00,16.743750000000002,0.0
217,1106,7,45.5,-73.5228,2023-06-18,18:00:00,,
218,25,8,46.8642,3.16361,2008-06-22,12:00:00,,
219,43,8,46.8642,3.16361,2007-07-01,12:00:00,,
220,63,8,46.8642,3.16361,2006-07-16,14:00:00,,
221,80,8,46.8642,3.16361,2005-07-03,14:00:00,,
222,99,8,46.8642,3.16361,2004-07-04,,,
223,117,8,46.8642,3.16361,2003-07-06,,,
224,134,8,46.8642,3.16361,2002-07-21,,,
225,150,8,46.8642,3.16361,2001-07-01,,,
226,166,8,46.8642,3.16361,2000-07-02,,,
227,181,8,46.8642,3.16361,1999-06-27,,,
228,198,8,46.8642,3.16361,1998-06-28,,,
229,214,8,46.8642,3.16361,1997-06-29,,,
230,232,8,46.8642,3.16361,1996-06-30,,,
231,246,8,46.8642,3.16361,1995-07-02,,,
232,263,8,46.8642,3.16361,1994-07-03,,,
233,280,8,46.8642,3.16361,1993-07-04,,,
234,296,8,46.8642,3.16361,1992-07-05,,,
235,311,8,46.8642,3.16361,1991-07-07,,,
236,8,9,52.0786,-1.01694,2009-06-21,12:00:00,,
237,26,9,52.0786,-1.01694,2008-07-06,12:00:00,,
238,44,9,52.0786,-1.01694,2007-07-08,12:00:00,,
239,60,9,52.0786,-1.01694,2006-06-11,12:00:00,,
240,81,9,52.0786,-1.01694,2005-07-10,14:00:00,,
241,100,9,52.0786,-1.01694,2004-07-11,,,
242,118,9,52.0786,-1.01694,2003-07-20,,,
243,133,9,52.0786,-1.01694,2002-07-07,,,
244,151,9,52.0786,-1.01694,2001-07-15,,,
245,161,9,52.0786,-1.01694,2000-04-23,,,
246,182,9,52.0786,-1.01694,1999-07-11,,,
247,199,9,52.0786,-1.01694,1998-07-12,,,
248,215,9,52.0786,-1.01694,1997-07-13,,,
249,233,9,52.0786,-1.01694,1996-07-14,,,
250,247,9,52.0786,-1.01694,1995-07-16,,,
251,264,9,52.0786,-1.01694,1994-07-10,,,
252,281,9,52.0786,-1.01694,1993-07-11,,,
253,297,9,52.0786,-1.01694,1992-07-12,,,
254,312,9,52.0786,-1.01694,1991-07-14,,,
255,328,9,52.0786,-1.01694,1990-07-15,,,
256,346,9,52.0786,-1.01694,2010-07-11,12:00:00,,
257,363,9,52.0786,-1.01694,1989-07-16,,,
258,379,9,52.0786,-1.01694,1988-07-10,,,
259,394,9,52.0786,-1.01694,1987-07-12,,,
260,427,9,52.0786,-1.01694,1985-07-21,,,
261,460,9,52.0786,-1.01694,1983-07-16,,,
262,491,9,52.0786,-1.01694,1981-07-18,,,
263,520,9,52.0786,-1.01694,1979-07-14,,,
264,552,9,52.0786,-1.01694,1977-07-16,,,
265,585,9,52.0786,-1.01694,1975-07-19,,,
266,613,9,52.0786,-1.01694,1973-07-14,,,
267,637,9,52.0786,-1.01694,1971-07-17,,,
268,661,9,52.0786,-1.01694,1969-07-19,,,
269,684,9,52.0786,-1.01694,1967-07-15,,,
270,703,9,52.0786,-1.01694,1965-07-10,,,
271,723,9,52.0786,-1.01694,1963-07-20,,,
272,752,9,52.0786,-1.01694,1960-07-16,,,
273,771,9,52.0786,-1.01694,1958-07-19,,,
274,789,9,52.0786,-1.01694,1956-07-14,,,
275,803,9,52.0786,-1.01694,1954-07-17,,,
276,813,9,52.0786,-1.01694,1953-07-18,,,
277,821,9,52.0786,-1.01694,1952-07-19,,,
278,829,9,52.0786,-1.01694,1951-07-14,,,
279,833,9,52.0786,-1.01694,1950-05-13,,,
280,849,9,52.0786,-1.01694,2011-07-10,12:00:00,,
281,868,9,52.0786,-1.01694,2012-07-08,12:00:00,,
282,887,9,52.0786,-1.01694,2013-06-30,12:00:00,,
283,908,9,52.0786,-1.01694,2014-07-06,12:00:00,14.875000000000002,3.3000000000000003
284,934,9,52.0786,-1.01694,2015-07-05,12:00:00,16.235416666666666,1.6
285,957,9,52.0786,-1.01694,2016-07-10,12:00:00,16.877083333333335,4.0
286,978,9,52.0786,-1.01694,2017-07-16,12:00:00,17.75833333333333,0.4
287,998,9,52.0786,-1.01694,2018-07-08,13:10:00,21.39166666666667,0.0
288,1019,9,52.0786,-1.01694,2019-07-14,13:10:00,15.747916666666667,0.8999999999999999
289,1034,9,52.0786,-1.01694,2020-08-02,13:10:00,16.05,0.0
290,1035,9,52.0786,-1.01694,2020-08-09,13:10:00,21.46041666666667,8.0
291,1061,9,52.0786,-1.01694,2021-07-18,14:00:00,21.64375,0.1
292,1083,9,52.0786,-1.01694,2022-07-03,14:00:00,14.912500000000001,0.2
293,1108,9,52.0786,-1.01694,2023-07-09,14:00:00,,
294,27,10,49.3278,8.56583,2008-07-20,12:00:00,,
295,64,10,49.3278,8.56583,2006-07-30,14:00:00,,
296,82,10,49.3278,8.56583,2005-07-24,14:00:00,,
297,101,10,49.3278,8.56583,2004-07-25,,,
298,119,10,49.3278,8.56583,2003-08-03,,,
299,135,10,49.3278,8.56583,2002-07-28,,,
300,152,10,49.3278,8.56583,2001-07-29,,,
301,168,10,49.3278,8.56583,2000-07-30,,,
302,184,10,49.3278,8.56583,1999-08-01,,,
303,201,10,49.3278,8.56583,1998-08-02,,,
304,216,10,49.3278,8.56583,1997-07-27,,,
305,234,10,49.3278,8.56583,1996-07-28,,,
306,248,10,49.3278,8.56583,1995-07-30,,,
307,265,10,49.3278,8.56583,1994-07-31,,,
308,282,10,49.3278,8.56583,1993-07-25,,,
309,298,10,49.3278,8.56583,1992-07-26,,,
310,313,10,49.3278,8.56583,1991-07-28,,,
311,329,10,49.3278,8.56583,1990-07-29,,,
312,347,10,49.3278,8.56583,2010-07-25,12:00:00,,
313,364,10,49.3278,8.56583,1989-07-30,,,
314,380,10,49.3278,8.56583,1988-07-24,,,
315,395,10,49.3278,8.56583,1987-07-26,,,
316,413,10,49.3278,8.56583,1986-07-27,,,
317,446,10,49.3278,8.56583,1984-08-05,,,
318,461,10,49.3278,8.56583,1983-08-07,,,
319,478,10,49.3278,8.56583,1982-08-08,,,
320,492,10,49.3278,8.56583,1981-08-02,,,
321,506,10,49.3278,8.56583,1980-08-10,,,
322,521,10,49.3278,8.56583,1979-07-29,,,
323,537,10,49.3278,8.56583,1978-07-30,,,
324,553,10,49.3278,8.56583,1977-07-31,,,
325,650,10,49.3278,8.56583,1970-08-02,,,
326,869,10,49.3278,8.56583,2012-07-22,12:00:00,,
327,909,10,49.3278,8.56583,2014-07-20,12:00:00,21.53125,13.6
328,959,10,49.3278,8.56583,2016-07-31,12:00:00,19.64375,0.6
329,999,10,49.3278,8.56583,2018-07-22,13:10:00,22.06041666666667,1.0
330,1020,10,49.3278,8.56583,2019-07-28,13:10:00,21.110416666666666,7.400000000000001
331,10,11,47.5789,19.2486,2009-07-26,12:00:00,,
332,28,11,47.5789,19.2486,2008-08-03,12:00:00,,
333,46,11,47.5789,19.2486,2007-08-05,12:00:00,,
334,65,11,47.5789,19.2486,2006-08-06,14:00:00,,
335,83,11,47.5789,19.2486,2005-07-31,14:00:00,,
336,102,11,47.5789,19.2486,2004-08-15,,,
337,120,11,47.5789,19.2486,2003-08-24,,,
338,136,11,47.5789,19.2486,2002-08-18,,,
339,153,11,47.5789,19.2486,2001-08-19,,,
340,169,11,47.5789,19.2486,2000-08-13,,,
341,185,11,47.5789,19.2486,1999-08-15,,,
342,202,11,47.5789,19.2486,1998-08-16,,,
343,217,11,47.5789,19.2486,1997-08-10,,,
344,235,11,47.5789,19.2486,1996-08-11,,,
345,249,11,47.5789,19.2486,1995-08-13,,,
346,266,11,47.5789,19.2486,1994-08-14,,,
347,283,11,47.5789,19.2486,1993-08-15,,,
348,299,11,47.5789,19.2486,1992-08-16,,,
349,314,11,47.5789,19.2486,1991-08-11,,,
350,330,11,47.5789,19.2486,1990-08-12,,,
351,348,11,47.5789,19.2486,2010-08-01,12:00:00,,
352,365,11,47.5789,19.2486,1989-08-13,,,
353,381,11,47.5789,19.2486,1988-08-07,,,
354,396,11,47.5789,19.2486,1987-08-09,,,
355,414,11,47.5789,19.2486,1986-08-10,,,
356,851,11,47.5789,19.2486,2011-07-31,12:00:00,,
357,870,11,47.5789,19.2486,2012-07-29,12:00:00,,
358,890,11,47.5789,19.2486,2013-07-28,12:00:00,,
359,910,11,47.5789,19.2486,2014-07-27,12:00:00,21.6875,13.5
360,936,11,47.5789,19.2486,2015-07-26,12:00:00,20.6125,3.2
361,958,11,47.5789,19.2486,2016-07-24,12:00:00,23.325,4.800000000000001
362,979,11,47.5789,19.2486,2017-07-30,12:00:00,24.854166666666668,0.0
363,1000,11,47.5789,19.2486,2018-07-29,13:10:00,26.0625,0.6
364,1021,11,47.5789,19.2486,2019-08-04,13:10:00,20.3875,0.0
365,1033,11,47.5789,19.2486,2020-07-19,13:10:00,18.664583333333333,2.6
366,1062,11,47.5789,19.2486,2021-08-01,13:00:00,21.683333333333334,0.9
367,1086,11,47.5789,19.2486,2022-07-31,13:00:00,19.25,4.1
368,1109,11,47.5789,19.2486,2023-07-23,13:00:00,,
369,11,12,39.4589,-0.331667,2009-08-23,12:00:00,,
370,29,12,39.4589,-0.331667,2008-08-24,12:00:00,,
371,345,12,39.4589,-0.331667,2010-06-27,12:00:00,,
372,848,12,39.4589,-0.331667,2011-06-26,12:00:00,,
373,867,12,39.4589,-0.331667,2012-06-24,12:00:00,,
374,12,13,50.4372,5.97139,2009-08-30,12:00:00,,
375,30,13,50.4372,5.97139,2008-09-07,12:00:00,,
376,49,13,50.4372,5.97139,2007-09-16,12:00:00,,
377,86,13,50.4372,5.97139,2005-09-11,14:00:00,,
378,103,13,50.4372,5.97139,2004-08-29,,,
379,137,13,50.4372,5.97139,2002-09-01,,,
380,154,13,50.4372,5.97139,2001-09-02,,,
381,170,13,50.4372,5.97139,2000-08-27,,,
382,186,13,50.4372,5.97139,1999-08-29,,,
383,203,13,50.4372,5.97139,1998-08-30,,,
384,218,13,50.4372,5.97139,1997-08-24,,,
385,236,13,50.4372,5.97139,1996-08-25,,,
386,250,13,50.4372,5.97139,1995-08-27,,,
387,267,13,50.4372,5.97139,1994-08-28,,,
388,284,13,50.4372,5.97139,1993-08-29,,,
389,300,13,50.4372,5.97139,1992-08-30,,,
390,315,13,50.4372,5.97139,1991-08-25,,,
391,331,13,50.4372,5.97139,1990-08-26,,,
392,349,13,50.4372,5.97139,2010-08-29,12:00:00,,
393,366,13,50.4372,5.97139,1989-08-27,,,
394,382,13,50.4372,5.97139,1988-08-28,,,
395,390,13,50.4372,5.97139,1987-05-17,,,
396,408,13,50.4372,5.97139,1986-05-25,,,
397,432,13,50.4372,5.97139,1985-09-15,,,
398,457,13,50.4372,5.97139,1983-05-22,,,
399,646,13,50.4372,5.97139,1970-06-07,,,
400,670,13,50.4372,5.97139,1968-06-09,,,
401,682,13,50.4372,5.97139,1967-06-18,,,
402,691,13,50.4372,5.97139,1966-06-12,,,
403,701,13,50.4372,5.97139,1965-06-13,,,
404,711,13,50.4372,5.97139,1964-06-14,,,
405,720,13,50.4372,5.97139,1963-06-09,,,
406,731,13,50.4372,5.97139,1962-06-17,,,
407,740,13,50.4372,5.97139,1961-06-18,,,
408,750,13,50.4372,5.97139,1960-06-19,,,
409,769,13,50.4372,5.97139,1958-06-15,,,
410,787,13,50.4372,5.97139,1956-06-03,,,
411,795,13,50.4372,5.97139,1955-06-05,,,
412,801,13,50.4372,5.97139,1954-06-20,,,
413,811,13,50.4372,5.97139,1953-06-21,,,
414,819,13,50.4372,5.97139,1952-06-22,,,
415,827,13,50.4372,5.97139,1951-06-17,,,
416,837,13,50.4372,5.97139,1950-06-18,,,
417,852,13,50.4372,5.97139,2011-08-28,12:00:00,,
418,871,13,50.4372,5.97139,2012-09-02,12:00:00,,
419,891,13,50.4372,5.97139,2013-08-25,12:00:00,,
420,911,13,50.4372,5.97139,2014-08-24,12:00:00,11.575000000000001,11.9
421,937,13,50.4372,5.97139,2015-08-23,12:00:00,17.333333333333332,15.3
422,960,13,50.4372,5.97139,2016-08-28,12:00:00,18.9875,1.2000000000000002
423,980,13,50.4372,5.97139,2017-08-27,12:00:00,19.179166666666664,0.4
424,1001,13,50.4372,5.97139,2018-08-26,13:10:00,14.033333333333331,5.6000000000000005
425,1022,13,50.4372,5.97139,2019-09-01,13:10:00,14.447916666666666,0.5
426,1037,13,50.4372,5.97139,2020-08-30,13:10:00,13.554166666666667,11.0
427,1063,13,50.4372,5.97139,2021-08-29,13:00:00,13.927083333333334,8.100000000000001
428,1087,13,50.4372,5.97139,2022-08-28,13:00:00,16.962500000000002,0.0
429,1110,13,50.4372,5.97139,2023-07-30,13:00:00,,
430,13,14,45.6156,9.28111,2009-09-13,12:00:00,,
431,31,14,45.6156,9.28111,2008-09-14,12:00:00,,
432,48,14,45.6156,9.28111,2007-09-09,12:00:00,,
433,67,14,45.6156,9.28111,2006-09-10,14:00:00,,
434,85,14,45.6156,9.28111,2005-09-04,14:00:00,,
435,104,14,45.6156,9.28111,2004-09-12,,,
436,121,14,45.6156,9.28111,2003-09-14,,,
437,138,14,45.6156,9.28111,2002-09-15,,,
438,155,14,45.6156,9.28111,2001-09-16,,,
439,171,14,45.6156,9.28111,2000-09-10,,,
440,187,14,45.6156,9.28111,1999-09-12,,,
441,204,14,45.6156,9.28111,1998-09-13,,,
442,219,14,45.6156,9.28111,1997-09-07,,,
443,237,14,45.6156,9.28111,1996-09-08,,,
444,251,14,45.6156,9.28111,1995-09-10,,,
445,268,14,45.6156,9.28111,1994-09-11,,,
446,285,14,45.6156,9.28111,1993-09-12,,,
447,301,14,45.6156,9.28111,1992-09-13,,,
448,316,14,45.6156,9.28111,1991-09-08,,,
449,332,14,45.6156,9.28111,1990-09-09,,,
450,350,14,45.6156,9.28111,2010-09-12,12:00:00,,
451,367,14,45.6156,9.28111,1989-09-10,,,
452,383,14,45.6156,9.28111,1988-09-11,,,
453,398,14,45.6156,9.28111,1987-09-06,,,
454,416,14,45.6156,9.28111,1986-09-07,,,
455,431,14,45.6156,9.28111,1985-09-08,,,
456,449,14,45.6156,9.28111,1984-09-09,,,
457,464,14,45.6156,9.28111,1983-09-11,,,
458,481,14,45.6156,9.28111,1982-09-12,,,
459,495,14,45.6156,9.28111,1981-09-13,,,
460,524,14,45.6156,9.28111,1979-09-09,,,
461,540,14,45.6156,9.28111,1978-09-10,,,
462,556,14,45.6156,9.28111,1977-09-11,,,
463,572,14,45.6156,9.28111,1976-09-12,,,
464,588,14,45.6156,9.28111,1975-09-07,,,
465,602,14,45.6156,9.28111,1974-09-08,,,
466,617,14,45.6156,9.28111,1973-09-09,,,
467,629,14,45.6156,9.28111,1972-09-10,,,
468,640,14,45.6156,9.28111,1971-09-05,,,
469,652,14,45.6156,9.28111,1970-09-06,,,
470,663,14,45.6156,9.28111,1969-09-07,,,
471,675,14,45.6156,9.28111,1968-09-08,,,
472,687,14,45.6156,9.28111,1967-09-10,,,
473,696,14,45.6156,9.28111,1966-09-04,,,
474,706,14,45.6156,9.28111,1965-09-12,,,
475,716,14,45.6156,9.28111,1964-09-06,,,
476,725,14,45.6156,9.28111,1963-09-08,,,
477,735,14,45.6156,9.28111,1962-09-16,,,
478,744,14,45.6156,9.28111,1961-09-10,,,
479,754,14,45.6156,9.28111,1960-09-04,,,
480,763,14,45.6156,9.28111,1959-09-13,,,
481,774,14,45.6156,9.28111,1958-09-07,,,
482,783,14,45.6156,9.28111,1957-09-08,,,
483,791,14,45.6156,9.28111,1956-09-02,,,
484,798,14,45.6156,9.28111,1955-09-11,,,
485,806,14,45.6156,9.28111,1954-09-05,,,
486,816,14,45.6156,9.28111,1953-09-13,,,
487,824,14,45.6156,9.28111,1952-09-07,,,
488,831,14,45.6156,9.28111,1951-09-16,,,
489,839,14,45.6156,9.28111,1950-09-03,,,
490,853,14,45.6156,9.28111,2011-09-11,12:00:00,,
491,872,14,45.6156,9.28111,2012-09-09,12:00:00,,
492,892,14,45.6156,9.28111,2013-09-08,12:00:00,,
493,912,14,45.6156,9.28111,2014-09-07,12:00:00,20.539583333333333,0.1
494,938,14,45.6156,9.28111,2015-09-06,12:00:00,17.133333333333333,0.0
495,961,14,45.6156,9.28111,2016-09-04,12:00:00,23.037499999999998,0.0
496,981,14,45.6156,9.28111,2017-09-03,12:00:00,17.76875,0.0
497,1002,14,45.6156,9.28111,2018-09-02,13:10:00,18.160416666666666,2.7
498,1023,14,45.6156,9.28111,2019-09-08,13:10:00,15.554166666666667,41.9
499,1038,14,45.6156,9.28111,2020-09-06,13:10:00,19.239583333333332,50.5
500,1065,14,45.6156,9.28111,2021-09-12,13:00:00,22.056250000000002,0.0
501,1089,14,45.6156,9.28111,2022-09-11,13:00:00,19.46875,0.0
502,1112,14,45.6156,9.28111,2023-09-03,13:00:00,,
503,14,15,1.2914,103.864,2009-09-27,12:00:00,,
504,32,15,1.2914,103.864,2008-09-28,12:00:00,,
505,351,15,1.2914,103.864,2010-09-26,12:00:00,,
506,854,15,1.2914,103.864,2011-09-25,12:00:00,,
507,873,15,1.2914,103.864,2012-09-23,12:00:00,,
508,893,15,1.2914,103.864,2013-09-22,12:00:00,,
509,913,15,1.2914,103.864,2014-09-21,12:00:00,27.477083333333336,1.0
510,939,15,1.2914,103.864,2015-09-20,12:00:00,27.28333333333333,10.8
511,962,15,1.2914,103.864,2016-09-18,12:00:00,27.3875,21.400000000000002
512,982,15,1.2914,103.864,2017-09-17,12:00:00,26.477083333333336,25.6
513,1003,15,1.2914,103.864,2018-09-16,12:10:00,27.927083333333332,1.7999999999999998
514,1024,15,1.2914,103.864,2019-09-22,12:10:00,27.35833333333333,5.1
515,1091,15,1.2914,103.864,2022-10-02,12:00:00,26.399999999999995,31.5
516,1113,15,1.2914,103.864,2023-09-17,12:00:00,,
517,33,16,35.3717,138.927,2008-10-12,04:30:00,,
518,50,16,35.3717,138.927,2007-09-30,04:30:00,,
519,559,16,35.3717,138.927,1977-10-23,,,
520,575,16,35.3717,138.927,1976-10-24,,,
521,3,17,31.3389,121.22,2009-04-19,07:00:00,,
522,34,17,31.3389,121.22,2008-10-19,07:00:00,,
523,51,17,31.3389,121.22,2007-10-07,06:00:00,,
524,68,17,31.3389,121.22,2006-10-01,14:00:00,,
525,89,17,31.3389,121.22,2005-10-16,14:00:00,,
526,105,17,31.3389,121.22,2004-09-26,,,
527,340,17,31.3389,121.22,2010-04-18,06:00:00,,
528,843,17,31.3389,121.22,2011-04-17,07:00:00,,
529,862,17,31.3389,121.22,2012-04-15,07:00:00,,
530,882,17,31.3389,121.22,2013-04-14,07:00:00,,
531,903,17,31.3389,121.22,2014-04-20,07:00:00,13.652083333333335,21.8
532,928,17,31.3389,121.22,2015-04-12,06:00:00,11.702083333333334,1.4
533,950,17,31.3389,121.22,2016-04-17,06:00:00,15.029166666666667,4.4
534,970,17,31.3389,121.22,2017-04-09,06:00:00,11.802083333333334,21.6
535,991,17,31.3389,121.22,2018-04-15,06:10:00,11.799999999999999,0.0
536,1012,17,31.3389,121.22,2019-04-14,06:10:00,13.762500000000001,0.0
537,16,18,-23.7036,-46.6997,2009-10-18,16:00:00,,
538,35,18,-23.7036,-46.6997,2008-11-02,17:00:00,,
539,52,18,-23.7036,-46.6997,2007-10-21,16:00:00,,
540,70,18,-23.7036,-46.6997,2006-10-22,14:00:00,,
541,87,18,-23.7036,-46.6997,2005-09-25,14:00:00,,
542,107,18,-23.7036,-46.6997,2004-10-24,,,
543,110,18,-23.7036,-46.6997,2003-04-06,,,
544,126,18,-23.7036,-46.6997,2002-03-31,,,
545,143,18,-23.7036,-46.6997,2001-04-01,,,
546,159,18,-23.7036,-46.6997,2000-03-26,,,
547,176,18,-23.7036,-46.6997,1999-04-11,,,
548,192,18,-23.7036,-46.6997,1998-03-29,,,
549,208,18,-23.7036,-46.6997,1997-03-30,,,
550,225,18,-23.7036,-46.6997,1996-03-31,,,
551,240,18,-23.7036,-46.6997,1995-03-26,,,
552,257,18,-23.7036,-46.6997,1994-03-27,,,
553,274,18,-23.7036,-46.6997,1993-03-28,,,
554,291,18,-23.7036,-46.6997,1992-04-05,,,
555,306,18,-23.7036,-46.6997,1991-03-24,,,
556,322,18,-23.7036,-46.6997,1990-03-25,,,
557,354,18,-23.7036,-46.6997,2010-11-07,16:00:00,,
558,499,18,-23.7036,-46.6997,1980-01-27,,,
559,513,18,-23.7036,-46.6997,1979-02-04,,,
560,544,18,-23.7036,-46.6997,1977-01-23,,,
561,560,18,-23.7036,-46.6997,1976-01-25,,,
562,577,18,-23.7036,-46.6997,1975-01-26,,,
563,591,18,-23.7036,-46.6997,1974-01-27,,,
564,606,18,-23.7036,-46.6997,1973-02-11,,,
565,859,18,-23.7036,-46.6997,2011-11-27,16:00:00,,
566,879,18,-23.7036,-46.6997,2012-11-25,16:00:00,,
567,899,18,-23.7036,-46.6997,2013-11-24,16:00:00,,
568,917,18,-23.7036,-46.6997,2014-11-09,16:00:00,19.014583333333334,1.4000000000000001
569,944,18,-23.7036,-46.6997,2015-11-15,16:00:00,20.379166666666666,1.7000000000000002
570,967,18,-23.7036,-46.6997,2016-11-13,16:00:00,17.28125,28.9
571,987,18,-23.7036,-46.6997,2017-11-12,16:00:00,18.52916666666667,0.0
572,1008,18,-23.7036,-46.6997,2018-11-11,17:10:00,20.712500000000002,5.7
573,1029,18,-23.7036,-46.6997,2019-11-17,17:10:00,16.712500000000002,1.0
574,1071,18,-23.7036,-46.6997,2021-11-14,17:00:00,16.839583333333334,0.0
575,1095,18,-23.7036,-46.6997,2022-11-13,18:00:00,21.881250000000005,7.499999999999999
576,1118,18,-23.7036,-46.6997,2023-11-05,17:00:00,,
577,42,19,39.795,-86.2347,2007-06-17,17:00:00,,
578,62,19,39.795,-86.2347,2006-07-02,14:00:00,,
579,79,19,39.795,-86.2347,2005-06-19,14:00:00,,
580,98,19,39.795,-86.2347,2004-06-20,,,
581,122,19,39.795,-86.2347,2003-09-28,,,
582,139,19,39.795,-86.2347,2002-09-29,,,
583,156,19,39.795,-86.2347,2001-09-30,,,
584,172,19,39.795,-86.2347,2000-09-24,,,
585,748,19,39.795,-86.2347,1960-05-30,,,
586,757,19,39.795,-86.2347,1959-05-30,,,
587,768,19,39.795,-86.2347,1958-05-30,,,
588,778,19,39.795,-86.2347,1957-05-30,,,
589,786,19,39.795,-86.2347,1956-05-30,,,
590,794,19,39.795,-86.2347,1955-05-30,,,
591,800,19,39.795,-86.2347,1954-05-31,,,
592,809,19,39.795,-86.2347,1953-05-30,,,
593,818,19,39.795,-86.2347,1952-05-30,,,
594,826,19,39.795,-86.2347,1951-05-30,,,
595,835,19,39.795,-86.2347,1950-05-30,,,
596,9,20,50.3356,6.9475,2009-07-12,12:00:00,,
597,45,20,50.3356,6.9475,2007-07-22,12:00:00,,
598,57,20,50.3356,6.9475,2006-05-07,14:00:00,,
599,77,20,50.3356,6.9475,2005-05-29,14:00:00,,
600,96,20,50.3356,6.9475,2004-05-30,,,
601,116,20,50.3356,6.9475,2003-06-29,,,
602,132,20,50.3356,6.9475,2002-06-23,,,
603,149,20,50.3356,6.9475,2001-06-24,,,
604,163,20,50.3356,6.9475,2000-05-21,,,
605,188,20,50.3356,6.9475,1999-09-26,,,
606,205,20,50.3356,6.9475,1998-09-27,,,
607,221,20,50.3356,6.9475,1997-09-28,,,
608,227,20,50.3356,6.9475,1996-04-28,,,
609,253,20,50.3356,6.9475,1995-10-01,,,
610,428,20,50.3356,6.9475,1985-08-04,,,
611,450,20,50.3356,6.9475,1984-10-07,,,
612,569,20,50.3356,6.9475,1976-08-01,,,
613,586,20,50.3356,6.9475,1975-08-03,,,
614,600,20,50.3356,6.9475,1974-08-04,,,
615,615,20,50.3356,6.9475,1973-08-05,,,
616,627,20,50.3356,6.9475,1972-07-30,,,
617,638,20,50.3356,6.9475,1971-08-01,,,
618,662,20,50.3356,6.9475,1969-08-03,,,
619,674,20,50.3356,6.9475,1968-08-04,,,
620,685,20,50.3356,6.9475,1967-08-06,,,
621,695,20,50.3356,6.9475,1966-08-07,,,
622,705,20,50.3356,6.9475,1965-08-01,,,
623,714,20,50.3356,6.9475,1964-08-02,,,
624,724,20,50.3356,6.9475,1963-08-04,,,
625,734,20,50.3356,6.9475,1962-08-05,,,
626,743,20,50.3356,6.9475,1961-08-06,,,
627,772,20,50.3356,6.9475,1958-08-03,,,
628,781,20,50.3356,6.9475,1957-08-04,,,
629,790,20,50.3356,6.9475,1956-08-05,,,
630,804,20,50.3356,6.9475,1954-08-01,,,
631,814,20,50.3356,6.9475,1953-08-02,,,
632,822,20,50.3356,6.9475,1952-08-03,,,
633,830,20,50.3356,6.9475,1951-07-29,,,
634,850,20,50.3356,6.9475,2011-07-24,12:00:00,,
635,888,20,50.3356,6.9475,2013-07-07,12:00:00,,
636,1041,20,50.3356,6.9475,2020-10-11,13:10:00,6.516666666666667,1.1
637,56,21,44.3439,11.7167,2006-04-23,14:00:00,,
638,74,21,44.3439,11.7167,2005-04-24,14:00:00,,
639,93,21,44.3439,11.7167,2004-04-25,,,
640,111,21,44.3439,11.7167,2003-04-20,,,
641,127,21,44.3439,11.7167,2002-04-14,,,
642,144,21,44.3439,11.7167,2001-04-15,,,
643,160,21,44.3439,11.7167,2000-04-09,,,
644,177,21,44.3439,11.7167,1999-05-02,,,
645,194,21,44.3439,11.7167,1998-04-26,,,
646,210,21,44.3439,11.7167,1997-04-27,,,
647,228,21,44.3439,11.7167,1996-05-05,,,
648,242,21,44.3439,11.7167,1995-04-30,,,
649,259,21,44.3439,11.7167,1994-05-01,,,
650,276,21,44.3439,11.7167,1993-04-25,,,
651,293,21,44.3439,11.7167,1992-05-17,,,
652,307,21,44.3439,11.7167,1991-04-28,,,
653,323,21,44.3439,11.7167,1990-05-13,,,
654,357,21,44.3439,11.7167,1989-04-23,,,
655,373,21,44.3439,11.7167,1988-05-01,,,
656,389,21,44.3439,11.7167,1987-05-03,,,
657,406,21,44.3439,11.7167,1986-04-27,,,
658,422,21,44.3439,11.7167,1985-05-05,,,
659,439,21,44.3439,11.7167,1984-05-06,,,
660,455,21,44.3439,11.7167,1983-05-01,,,
661,470,21,44.3439,11.7167,1982-04-25,,,
662,486,21,44.3439,11.7167,1981-05-03,,,
663,509,21,44.3439,11.7167,1980-09-14,,,
664,1043,21,44.3439,11.7167,2020-11-01,12:10:00,14.395833333333334,0.0
665,1053,21,44.3439,11.7167,2021-04-18,13:00:00,8.816666666666666,0.4
666,1077,21,44.3439,11.7167,2022-04-24,13:00:00,13.831249999999999,3.5
667,1103,21,44.3439,11.7167,2023-05-21,13:00:00,18.495833333333334,0.0
668,15,22,34.8431,136.541,2009-10-04,05:00:00,,
669,69,22,34.8431,136.541,2006-10-08,14:00:00,,
670,88,22,34.8431,136.541,2005-10-09,14:00:00,,
671,106,22,34.8431,136.541,2004-10-10,,,
672,123,22,34.8431,136.541,2003-10-12,,,
673,140,22,34.8431,136.541,2002-10-13,,,
674,157,22,34.8431,136.541,2001-10-14,,,
675,173,22,34.8431,136.541,2000-10-08,,,
676,190,22,34.8431,136.541,1999-10-31,,,
677,206,22,34.8431,136.541,1998-11-01,,,
678,222,22,34.8431,136.541,1997-10-12,,,
679,239,22,34.8431,136.541,1996-10-13,,,
680,255,22,34.8431,136.541,1995-10-29,,,
681,271,22,34.8431,136.541,1994-11-06,,,
682,287,22,34.8431,136.541,1993-10-24,,,
683,303,22,34.8431,136.541,1992-10-25,,,
684,319,22,34.8431,136.541,1991-10-20,,,
685,335,22,34.8431,136.541,1990-10-21,,,
686,352,22,34.8431,136.541,2010-10-10,06:00:00,,
687,370,22,34.8431,136.541,1989-10-22,,,
688,386,22,34.8431,136.541,1988-10-30,,,
689,402,22,34.8431,136.541,1987-11-01,,,
690,855,22,34.8431,136.541,2011-10-09,06:00:00,,
691,874,22,34.8431,136.541,2012-10-07,06:00:00,,
692,895,22,34.8431,136.541,2013-10-13,06:00:00,,
693,914,22,34.8431,136.541,2014-10-05,06:00:00,19.395833333333332,54.5
694,940,22,34.8431,136.541,2015-09-27,05:00:00,21.025,0.0
695,964,22,34.8431,136.541,2016-10-09,05:00:00,17.591666666666665,0.5
696,984,22,34.8431,136.541,2017-10-08,05:00:00,21.545833333333334,1.5
697,1005,22,34.8431,136.541,2018-10-07,05:10:00,20.739583333333332,0.0
698,1026,22,34.8431,136.541,2019-10-13,05:10:00,18.847916666666666,3.7
699,1092,22,34.8431,136.541,2022-10-09,05:00:00,18.472916666666666,18.6
700,1114,22,34.8431,136.541,2023-09-24,05:00:00,,
701,1119,80,36.1147,-115.173,2023-11-19,06:00:00,,
702,17,24,24.4672,54.6031,2009-11-01,11:00:00,,
703,355,24,24.4672,54.6031,2010-11-14,13:00:00,,
704,858,24,24.4672,54.6031,2011-11-13,13:00:00,,
705,877,24,24.4672,54.6031,2012-11-04,13:00:00,,
706,897,24,24.4672,54.6031,2013-11-03,13:00:00,,
707,918,24,24.4672,54.6031,2014-11-23,13:00:00,23.995833333333334,0.0
708,945,24,24.4672,54.6031,2015-11-29,13:00:00,24.089583333333337,0.0
709,968,24,24.4672,54.6031,2016-11-27,13:00:00,24.50208333333333,0.0
710,988,24,24.4672,54.6031,2017-11-26,13:00:00,22.770833333333332,0.0
711,1009,24,24.4672,54.6031,2018-11-25,13:10:00,26.160416666666666,0.4
712,1030,24,24.4672,54.6031,2019-12-01,13:10:00,23.035416666666663,0.0
713,1047,24,24.4672,54.6031,2020-12-13,13:10:00,21.302083333333332,0.0
714,1073,24,24.4672,54.6031,2021-12-12,13:00:00,22.4875,0.0
715,1096,24,24.4672,54.6031,2022-11-20,13:00:00,26.631250000000005,0.0
716,1120,24,24.4672,54.6031,2023-11-26,13:00:00,,
717,193,25,-34.6943,-58.4593,1998-04-12,,,
718,209,25,-34.6943,-58.4593,1997-04-13,,,
719,226,25,-34.6943,-58.4593,1996-04-07,,,
720,241,25,-34.6943,-58.4593,1995-04-09,,,
721,485,25,-34.6943,-58.4593,1981-04-12,,,
722,498,25,-34.6943,-58.4593,1980-01-13,,,
723,512,25,-34.6943,-58.4593,1979-01-21,,,
724,527,25,-34.6943,-58.4593,1978-01-15,,,
725,543,25,-34.6943,-58.4593,1977-01-09,,,
726,576,25,-34.6943,-58.4593,1975-01-12,,,
727,590,25,-34.6943,-58.4593,1974-01-13,,,
728,605,25,-34.6943,-58.4593,1973-01-28,,,
729,620,25,-34.6943,-58.4593,1972-01-23,,,
730,746,25,-34.6943,-58.4593,1960-02-07,,,
731,765,25,-34.6943,-58.4593,1958-01-19,,,
732,776,25,-34.6943,-58.4593,1957-01-13,,,
733,784,25,-34.6943,-58.4593,1956-01-22,,,
734,792,25,-34.6943,-58.4593,1955-01-16,,,
735,799,25,-34.6943,-58.4593,1954-01-17,,,
736,808,25,-34.6943,-58.4593,1953-01-18,,,
737,223,26,36.7083,-6.03417,1997-10-26,,,
738,270,26,36.7083,-6.03417,1994-10-16,,,
739,334,26,36.7083,-6.03417,1990-09-30,,,
740,369,26,36.7083,-6.03417,1989-10-01,,,
741,385,26,36.7083,-6.03417,1988-10-02,,,
742,400,26,36.7083,-6.03417,1987-09-27,,,
743,405,26,36.7083,-6.03417,1986-04-13,,,
744,238,27,38.7506,-9.39417,1996-09-22,,,
745,252,27,38.7506,-9.39417,1995-09-24,,,
746,269,27,38.7506,-9.39417,1994-09-25,,,
747,286,27,38.7506,-9.39417,1993-09-26,,,
748,302,27,38.7506,-9.39417,1992-09-27,,,
749,317,27,38.7506,-9.39417,1991-09-22,,,
750,333,27,38.7506,-9.39417,1990-09-23,,,
751,368,27,38.7506,-9.39417,1989-09-24,,,
752,384,27,38.7506,-9.39417,1988-09-25,,,
753,399,27,38.7506,-9.39417,1987-09-20,,,
754,417,27,38.7506,-9.39417,1986-09-21,,,
755,421,27,38.7506,-9.39417,1985-04-21,,,
756,451,27,38.7506,-9.39417,1984-10-21,,,
757,254,28,34.915,134.221,1995-10-22,,,
758,258,28,34.915,134.221,1994-04-17,,,
759,256,29,-34.9272,138.617,1995-11-12,,,
760,272,29,-34.9272,138.617,1994-11-13,,,
761,288,29,-34.9272,138.617,1993-11-07,,,
762,304,29,-34.9272,138.617,1992-11-08,,,
763,320,29,-34.9272,138.617,1991-11-03,,,
764,336,29,-34.9272,138.617,1990-11-04,,,
765,371,29,-34.9272,138.617,1989-11-05,,,
766,387,29,-34.9272,138.617,1988-11-13,,,
767,403,29,-34.9272,138.617,1987-11-15,,,
768,419,29,-34.9272,138.617,1986-10-26,,,
769,435,29,-34.9272,138.617,1985-11-03,,,
770,273,30,-25.9894,28.0767,1993-03-14,,,
771,289,30,-25.9894,28.0767,1992-03-01,,,
772,434,30,-25.9894,28.0767,1985-10-19,,,
773,437,30,-25.9894,28.0767,1984-04-07,,,
774,466,30,-25.9894,28.0767,1983-10-15,,,
775,467,30,-25.9894,28.0767,1982-01-23,,,
776,500,30,-25.9894,28.0767,1980-03-01,,,
777,514,30,-25.9894,28.0767,1979-03-03,,,
778,529,30,-25.9894,28.0767,1978-03-04,,,
779,545,30,-25.9894,28.0767,1977-03-05,,,
780,561,30,-25.9894,28.0767,1976-03-06,,,
781,578,30,-25.9894,28.0767,1975-03-01,,,
782,592,30,-25.9894,28.0767,1974-03-30,,,
783,607,30,-25.9894,28.0767,1973-03-03,,,
784,621,30,-25.9894,28.0767,1972-03-04,,,
785,632,30,-25.9894,28.0767,1971-03-06,,,
786,643,30,-25.9894,28.0767,1970-03-07,,,
787,656,30,-25.9894,28.0767,1969-03-01,,,
788,667,30,-25.9894,28.0767,1968-01-01,,,
789,679,30,-25.9894,28.0767,1967-01-02,,,
790,275,31,52.8306,-1.37528,1993-04-11,,,
791,290,32,19.4042,-99.0907,1992-03-22,,,
792,310,32,19.4042,-99.0907,1991-06-16,,,
793,326,32,19.4042,-99.0907,1990-06-24,,,
794,359,32,19.4042,-99.0907,1989-05-28,,,
795,375,32,19.4042,-99.0907,1988-05-29,,,
796,401,32,19.4042,-99.0907,1987-10-18,,,
797,418,32,19.4042,-99.0907,1986-10-12,,,
798,655,32,19.4042,-99.0907,1970-10-25,,,
799,666,32,19.4042,-99.0907,1969-10-19,,,
800,678,32,19.4042,-99.0907,1968-11-03,,,
801,689,32,19.4042,-99.0907,1967-10-22,,,
802,698,32,19.4042,-99.0907,1966-10-23,,,
803,708,32,19.4042,-99.0907,1965-10-24,,,
804,718,32,19.4042,-99.0907,1964-10-25,,,
805,727,32,19.4042,-99.0907,1963-10-27,,,
806,943,32,19.4042,-99.0907,2015-11-01,19:00:00,15.547916666666666,9.8
807,966,32,19.4042,-99.0907,2016-10-30,19:00:00,13.495833333333332,3.8999999999999995
808,986,32,19.4042,-99.0907,2017-10-29,19:00:00,15.439583333333333,0.0
809,1007,32,19.4042,-99.0907,2018-10-28,19:10:00,13.910416666666668,3.5
810,1027,32,19.4042,-99.0907,2019-10-27,19:10:00,14.908333333333333,7.0
811,1070,32,19.4042,-99.0907,2021-11-07,19:00:00,13.564583333333333,0.0
812,1094,32,19.4042,-99.0907,2022-10-30,20:00:00,15.339583333333332,0.5
813,1117,32,19.4042,-99.0907,2023-10-29,20:00:00,,
814,305,33,33.4479,-112.075,1991-03-10,,,
815,321,33,33.4479,-112.075,1990-03-11,,,
816,360,33,33.4479,-112.075,1989-06-04,,,
817,327,34,43.2506,5.79167,1990-07-08,,,
818,362,34,43.2506,5.79167,1989-07-09,,,
819,378,34,43.2506,5.79167,1988-07-03,,,
820,393,34,43.2506,5.79167,1987-07-05,,,
821,411,34,43.2506,5.79167,1986-07-06,,,
822,426,34,43.2506,5.79167,1985-07-07,,,
823,454,34,43.2506,5.79167,1983-04-17,,,
824,477,34,43.2506,5.79167,1982-07-25,,,
825,504,34,43.2506,5.79167,1980-06-29,,,
826,535,34,43.2506,5.79167,1978-07-02,,,
827,567,34,43.2506,5.79167,1976-07-04,,,
828,584,34,43.2506,5.79167,1975-07-06,,,
829,612,34,43.2506,5.79167,1973-07-01,,,
830,636,34,43.2506,5.79167,1971-07-04,,,
831,996,34,43.2506,5.79167,2018-06-24,14:10:00,20.068749999999998,2.2
832,1017,34,43.2506,5.79167,2019-06-23,13:10:00,22.63958333333333,0.0
833,1059,34,43.2506,5.79167,2021-06-20,13:00:00,22.162500000000005,3.6
834,1085,34,43.2506,5.79167,2022-07-24,13:00:00,26.818750000000005,0.6
835,353,35,34.7333,126.417,2010-10-24,05:00:00,,
836,856,35,34.7333,126.417,2011-10-16,06:00:00,,
837,875,35,34.7333,126.417,2012-10-14,06:00:00,,
838,894,35,34.7333,126.417,2013-10-06,06:00:00,,
839,356,36,-22.9756,-43.395,1989-03-26,,,
840,372,36,-22.9756,-43.395,1988-04-03,,,
841,388,36,-22.9756,-43.395,1987-04-12,,,
842,404,36,-22.9756,-43.395,1986-03-23,,,
843,420,36,-22.9756,-43.395,1985-04-07,,,
844,436,36,-22.9756,-43.395,1984-03-25,,,
845,452,36,-22.9756,-43.395,1983-03-13,,,
846,468,36,-22.9756,-43.395,1982-03-21,,,
847,484,36,-22.9756,-43.395,1981-03-29,,,
848,528,36,-22.9756,-43.395,1978-01-29,,,
849,377,37,42.3298,-83.0401,1988-06-19,,,
850,392,37,42.3298,-83.0401,1987-06-21,,,
851,410,37,42.3298,-83.0401,1986-06-22,,,
852,425,37,42.3298,-83.0401,1985-06-23,,,
853,443,37,42.3298,-83.0401,1984-06-24,,,
854,458,37,42.3298,-83.0401,1983-06-05,,,
855,473,37,42.3298,-83.0401,1982-06-06,,,
856,412,38,51.3569,0.263056,1986-07-13,,,
857,433,38,51.3569,0.263056,1985-10-06,,,
858,445,38,51.3569,0.263056,1984-07-22,,,
859,465,38,51.3569,0.263056,1983-09-25,,,
860,476,38,51.3569,0.263056,1982-07-18,,,
861,505,38,51.3569,0.263056,1980-07-13,,,
862,536,38,51.3569,0.263056,1978-07-16,,,
863,568,38,51.3569,0.263056,1976-07-18,,,
864,599,38,51.3569,0.263056,1974-07-20,,,
865,626,38,51.3569,0.263056,1972-07-15,,,
866,649,38,51.3569,0.263056,1970-07-18,,,
867,673,38,51.3569,0.263056,1968-07-20,,,
868,693,38,51.3569,0.263056,1966-07-16,,,
869,713,38,51.3569,0.263056,1964-07-11,,,
870,430,39,52.3888,4.54092,1985-08-25,,,
871,448,39,52.3888,4.54092,1984-08-26,,,
872,463,39,52.3888,4.54092,1983-08-28,,,
873,475,39,52.3888,4.54092,1982-07-03,,,
874,494,39,52.3888,4.54092,1981-08-30,,,
875,508,39,52.3888,4.54092,1980-08-31,,,
876,523,39,52.3888,4.54092,1979-08-26,,,
877,539,39,52.3888,4.54092,1978-08-27,,,
878,555,39,52.3888,4.54092,1977-08-28,,,
879,571,39,52.3888,4.54092,1976-08-29,,,
880,583,39,52.3888,4.54092,1975-06-22,,,
881,597,39,52.3888,4.54092,1974-06-23,,,
882,614,39,52.3888,4.54092,1973-07-29,,,
883,635,39,52.3888,4.54092,1971-06-20,,,
884,647,39,52.3888,4.54092,1970-06-21,,,
885,659,39,52.3888,4.54092,1969-06-21,,,
886,671,39,52.3888,4.54092,1968-06-23,,,
887,681,39,52.3888,4.54092,1967-06-04,,,
888,694,39,52.3888,4.54092,1966-07-24,,,
889,704,39,52.3888,4.54092,1965-07-18,,,
890,710,39,52.3888,4.54092,1964-05-24,,,
891,721,39,52.3888,4.54092,1963-06-23,,,
892,729,39,52.3888,4.54092,1962-05-20,,,
893,739,39,52.3888,4.54092,1961-05-22,,,
894,749,39,52.3888,4.54092,1960-06-06,,,
895,758,39,52.3888,4.54092,1959-05-31,,,
896,767,39,52.3888,4.54092,1958-05-26,,,
897,796,39,52.3888,4.54092,1955-06-19,,,
898,810,39,52.3888,4.54092,1953-06-07,,,
899,823,39,52.3888,4.54092,1952-08-17,,,
900,1064,39,52.3888,4.54092,2021-09-05,13:00:00,16.97083333333333,0.0
901,1088,39,52.3888,4.54092,2022-09-04,13:00:00,20.397916666666667,1.3
902,1111,39,52.3888,4.54092,2023-08-27,13:00:00,,
903,438,40,50.9894,5.25694,1984-04-29,,,
904,471,40,50.9894,5.25694,1982-05-09,,,
905,487,40,50.9894,5.25694,1981-05-17,,,
906,502,40,50.9894,5.25694,1980-05-04,,,
907,517,40,50.9894,5.25694,1979-05-13,,,
908,532,40,50.9894,5.25694,1978-05-21,,,
909,549,40,50.9894,5.25694,1977-06-05,,,
910,564,40,50.9894,5.25694,1976-05-16,,,
911,581,40,50.9894,5.25694,1975-05-25,,,
912,609,40,50.9894,5.25694,1973-05-20,,,
913,440,41,47.3625,4.89913,1984-05-20,,,
914,480,41,47.3625,4.89913,1982-08-29,,,
915,490,41,47.3625,4.89913,1981-07-05,,,
916,519,41,47.3625,4.89913,1979-07-01,,,
917,551,41,47.3625,4.89913,1977-07-03,,,
918,598,41,47.3625,4.89913,1974-07-07,,,
919,444,42,32.7774,-96.7587,1984-07-08,,,
920,453,43,33.7651,-118.189,1983-03-27,,,
921,469,43,33.7651,-118.189,1982-04-04,,,
922,483,43,33.7651,-118.189,1981-03-15,,,
923,501,43,33.7651,-118.189,1980-03-30,,,
924,515,43,33.7651,-118.189,1979-04-08,,,
925,530,43,33.7651,-118.189,1978-04-02,,,
926,546,43,33.7651,-118.189,1977-04-03,,,
927,562,43,33.7651,-118.189,1976-03-28,,,
928,482,44,36.1162,-115.174,1982-09-25,,,
929,497,44,36.1162,-115.174,1981-10-17,,,
930,489,45,40.6171,-3.58558,1981-06-21,,,
931,516,45,40.6171,-3.58558,1979-04-29,,,
932,533,45,40.6171,-3.58558,1978-06-04,,,
933,547,45,40.6171,-3.58558,1977-05-08,,,
934,563,45,40.6171,-3.58558,1976-05-02,,,
935,593,45,40.6171,-3.58558,1974-04-28,,,
936,622,45,40.6171,-3.58558,1972-05-01,,,
937,644,45,40.6171,-3.58558,1970-04-19,,,
938,668,45,40.6171,-3.58558,1968-05-12,,,
939,511,46,42.3369,-76.9272,1980-10-05,,,
940,526,46,42.3369,-76.9272,1979-10-07,,,
941,541,46,42.3369,-76.9272,1978-10-01,,,
942,557,46,42.3369,-76.9272,1977-10-02,,,
943,574,46,42.3369,-76.9272,1976-10-10,,,
944,589,46,42.3369,-76.9272,1975-10-05,,,
945,604,46,42.3369,-76.9272,1974-10-06,,,
946,619,46,42.3369,-76.9272,1973-10-07,,,
947,631,46,42.3369,-76.9272,1972-10-08,,,
948,642,46,42.3369,-76.9272,1971-10-03,,,
949,654,46,42.3369,-76.9272,1970-10-04,,,
950,665,46,42.3369,-76.9272,1969-10-05,,,
951,677,46,42.3369,-76.9272,1968-10-06,,,
952,688,46,42.3369,-76.9272,1967-10-01,,,
953,697,46,42.3369,-76.9272,1966-10-02,,,
954,707,46,42.3369,-76.9272,1965-10-03,,,
955,717,46,42.3369,-76.9272,1964-10-04,,,
956,726,46,42.3369,-76.9272,1963-10-06,,,
957,736,46,42.3369,-76.9272,1962-10-07,,,
958,745,46,42.3369,-76.9272,1961-10-08,,,
959,534,47,57.2653,13.6042,1978-06-17,,,
960,550,47,57.2653,13.6042,1977-06-19,,,
961,566,47,57.2653,13.6042,1976-06-13,,,
962,582,47,57.2653,13.6042,1975-06-08,,,
963,596,47,57.2653,13.6042,1974-06-09,,,
964,611,47,57.2653,13.6042,1973-06-17,,,
965,558,48,44.0481,-78.6756,1977-10-09,,,
966,573,48,44.0481,-78.6756,1976-10-03,,,
967,603,48,44.0481,-78.6756,1974-09-22,,,
968,618,48,44.0481,-78.6756,1973-09-23,,,
969,630,48,44.0481,-78.6756,1972-09-24,,,
970,641,48,44.0481,-78.6756,1971-09-19,,,
971,664,48,44.0481,-78.6756,1969-09-20,,,
972,686,48,44.0481,-78.6756,1967-08-27,,,
973,579,49,41.3664,2.15167,1975-04-27,,,
974,608,49,41.3664,2.15167,1973-04-29,,,
975,633,49,41.3664,2.15167,1971-04-18,,,
976,657,49,41.3664,2.15167,1969-05-04,,,
977,594,50,50.6211,4.32694,1974-05-12,,,
978,624,50,50.6211,4.32694,1972-06-04,,,
979,625,51,45.7472,3.03889,1972-07-02,,,
980,648,51,45.7472,3.03889,1970-07-05,,,
981,660,51,45.7472,3.03889,1969-07-06,,,
982,702,51,45.7472,3.03889,1965-06-27,,,
983,653,52,46.1877,-74.6099,1970-09-20,,,
984,676,52,46.1877,-74.6099,1968-09-22,,,
985,672,53,49.3306,1.00458,1968-07-07,,,
986,712,53,49.3306,1.00458,1964-06-28,,,
987,732,53,49.3306,1.00458,1962-07-08,,,
988,779,53,49.3306,1.00458,1957-07-07,,,
989,820,53,49.3306,1.00458,1952-07-06,,,
990,683,54,47.95,0.224231,1967-07-02,,,
991,692,55,49.2542,3.93083,1966-07-03,,,
992,722,55,49.2542,3.93083,1963-06-30,,,
993,741,55,49.2542,3.93083,1961-07-02,,,
994,751,55,49.2542,3.93083,1960-07-03,,,
995,759,55,49.2542,3.93083,1959-07-05,,,
996,770,55,49.2542,3.93083,1958-07-06,,,
997,788,55,49.2542,3.93083,1956-07-01,,,
998,802,55,49.2542,3.93083,1954-07-04,,,
999,812,55,49.2542,3.93083,1953-07-05,,,
1000,828,55,49.2542,3.93083,1951-07-01,,,
1001,838,55,49.2542,3.93083,1950-07-02,,,
1002,699,56,-33.0486,27.8736,1965-01-01,,,
1003,728,56,-33.0486,27.8736,1963-12-28,,,
1004,737,56,-33.0486,27.8736,1962-12-29,,,
1005,715,57,47.2039,14.7478,1964-08-23,,,
1006,733,58,53.4769,-2.94056,1962-07-21,,,
1007,742,58,53.4769,-2.94056,1961-07-15,,,
1008,760,58,53.4769,-2.94056,1959-07-18,,,
1009,780,58,53.4769,-2.94056,1957-07-20,,,
1010,797,58,53.4769,-2.94056,1955-07-16,,,
1011,753,59,41.1705,-8.67325,1960-08-14,,,
1012,773,59,41.1705,-8.67325,1958-08-24,,,
1013,755,60,33.937,-117.273,1960-11-20,,,
1014,761,61,52.4806,13.2514,1959-08-02,,,
1015,762,62,38.7197,-9.20306,1959-08-23,,,
1016,764,63,27.4547,-81.3483,1959-12-12,,,
1017,775,64,33.5786,-7.6875,1958-10-19,,,
1018,782,65,42.475,14.1508,1957-08-18,,,
1019,805,66,46.9589,7.40194,1954-08-22,,,
1020,815,66,46.9589,7.40194,1953-08-23,,,
1021,817,66,46.9589,7.40194,1952-05-18,,,
1022,825,66,46.9589,7.40194,1951-05-27,,,
1023,836,66,46.9589,7.40194,1950-06-04,,,
1024,807,67,41.3903,2.11667,1954-10-24,,,
1025,832,67,41.3903,2.11667,1951-10-28,,,
1026,857,68,28.3487,77.5331,2011-10-30,09:30:00,,
1027,876,68,28.3487,77.5331,2012-10-28,09:30:00,,
1028,896,68,28.3487,77.5331,2013-10-27,09:30:00,,
1029,878,69,30.1328,-97.6411,2012-11-18,19:00:00,,
1030,898,69,30.1328,-97.6411,2013-11-17,19:00:00,,
1031,916,69,30.1328,-97.6411,2014-11-02,20:00:00,17.81041666666667,0.0
1032,942,69,30.1328,-97.6411,2015-10-25,19:00:00,17.67916666666667,18.9
1033,965,69,30.1328,-97.6411,2016-10-23,19:00:00,21.672916666666666,0.0
1034,985,69,30.1328,-97.6411,2017-10-22,19:00:00,21.04375,19.500000000000004
1035,1006,69,30.1328,-97.6411,2018-10-21,18:10:00,16.50208333333333,0.0
1036,1028,69,30.1328,-97.6411,2019-11-03,19:10:00,15.210416666666665,0.0
1037,1069,69,30.1328,-97.6411,2021-10-24,19:00:00,24.741666666666664,0.6000000000000001
1038,1093,69,30.1328,-97.6411,2022-10-23,19:00:00,24.722916666666666,4.300000000000001
1039,1116,69,30.1328,-97.6411,2023-10-22,19:00:00,,
1040,113,70,47.2197,14.7647,2003-05-18,,,
1041,129,70,47.2197,14.7647,2002-05-12,,,
1042,146,70,47.2197,14.7647,2001-05-13,,,
1043,167,70,47.2197,14.7647,2000-07-16,,,
1044,183,70,47.2197,14.7647,1999-07-25,,,
1045,200,70,47.2197,14.7647,1998-07-26,,,
1046,220,70,47.2197,14.7647,1997-09-21,,,
1047,397,70,47.2197,14.7647,1987-08-16,,,
1048,415,70,47.2197,14.7647,1986-08-17,,,
1049,429,70,47.2197,14.7647,1985-08-18,,,
1050,447,70,47.2197,14.7647,1984-08-19,,,
1051,462,70,47.2197,14.7647,1983-08-14,,,
1052,479,70,47.2197,14.7647,1982-08-15,,,
1053,493,70,47.2197,14.7647,1981-08-16,,,
1054,507,70,47.2197,14.7647,1980-08-17,,,
1055,522,70,47.2197,14.7647,1979-08-12,,,
1056,538,70,47.2197,14.7647,1978-08-13,,,
1057,554,70,47.2197,14.7647,1977-08-14,,,
1058,570,70,47.2197,14.7647,1976-08-15,,,
1059,587,70,47.2197,14.7647,1975-08-17,,,
1060,601,70,47.2197,14.7647,1974-08-18,,,
1061,616,70,47.2197,14.7647,1973-08-19,,,
1062,628,70,47.2197,14.7647,1972-08-13,,,
1063,639,70,47.2197,14.7647,1971-08-15,,,
1064,651,70,47.2197,14.7647,1970-08-16,,,
1065,907,70,47.2197,14.7647,2014-06-22,12:00:00,17.52916666666667,14.8
1066,933,70,47.2197,14.7647,2015-06-21,12:00:00,13.485416666666666,2.8000000000000003
1067,956,70,47.2197,14.7647,2016-07-03,12:00:00,15.295833333333334,1.4000000000000001
1068,977,70,47.2197,14.7647,2017-07-09,12:00:00,22.29583333333333,6.6
1069,997,70,47.2197,14.7647,2018-07-01,13:10:00,16.147916666666667,0.0
1070,1018,70,47.2197,14.7647,2019-06-30,13:10:00,23.693749999999998,0.2
1071,1031,70,47.2197,14.7647,2020-07-05,13:10:00,19.83125,17.2
1072,1032,70,47.2197,14.7647,2020-07-12,13:10:00,15.679166666666667,0.0
1073,1058,70,47.2197,14.7647,2021-06-27,13:00:00,22.047916666666666,0.6000000000000001
1074,1060,70,47.2197,14.7647,2021-07-04,13:00:00,18.341666666666665,11.0
1075,1084,70,47.2197,14.7647,2022-07-10,13:00:00,15.916666666666666,2.9000000000000004
1076,1107,70,47.2197,14.7647,2023-07-02,13:00:00,,
1077,915,71,43.4057,39.9578,2014-10-12,11:00:00,19.572916666666668,0.1
1078,941,71,43.4057,39.9578,2015-10-11,11:00:00,15.795833333333334,71.19999999999999
1079,951,71,43.4057,39.9578,2016-05-01,12:00:00,15.366666666666667,0.6
1080,972,71,43.4057,39.9578,2017-04-30,12:00:00,20.447916666666668,0.0
1081,1004,71,43.4057,39.9578,2018-09-30,11:10:00,21.133333333333333,0.4
1082,1025,71,43.4057,39.9578,2019-09-29,11:10:00,17.84583333333333,1.2
1083,1040,71,43.4057,39.9578,2020-09-27,11:10:00,24.745833333333337,0.0
1084,1066,71,43.4057,39.9578,2021-09-26,12:00:00,15.629166666666668,9.0
1085,955,73,40.3725,49.8533,2016-06-19,13:00:00,26.756249999999998,0.0
1086,976,73,40.3725,49.8533,2017-06-25,13:00:00,24.16875,0.4
1087,992,73,40.3725,49.8533,2018-04-29,12:10:00,13.104166666666666,0.0
1088,1013,73,40.3725,49.8533,2019-04-28,12:10:00,16.583333333333332,0.0
1089,1057,73,40.3725,49.8533,2021-06-06,12:00:00,20.733333333333334,0.0
1090,1081,73,40.3725,49.8533,2022-06-12,11:00:00,25.15833333333333,0.2
1091,1101,73,40.3725,49.8533,2023-04-30,11:00:00,17.09166666666667,2.8999999999999995
1092,1042,75,37.227,-8.6267,2020-10-25,12:10:00,15.65,3.1999999999999997
1093,1054,75,37.227,-8.6267,2021-05-02,14:00:00,15.104166666666666,0.0
1094,1039,76,43.9975,11.3719,2020-09-13,13:10:00,23.358333333333334,0.0
1095,1072,77,21.6319,39.1044,2021-12-05,17:30:00,27.125,0.0
1096,1075,77,21.6319,39.1044,2022-03-27,17:00:00,24.9375,0.0
1097,1099,77,21.6319,39.1044,2023-03-19,17:00:00,24.41875,0.0
1098,1051,78,25.49,51.4542,2021-11-21,14:00:00,26.129166666666674,0.0
1099,1115,78,25.49,51.4542,2023-10-08,14:00:00,,
1100,1078,79,25.9581,-80.2389,2022-05-08,19:30:00,25.84583333333333,3.7
1101,1102,79,25.9581,-80.2389,2023-05-07,19:30:00,24.495833333333334,3.4
